trace,time
3.29071815655048,0
3.29071815655048,0.00166666666666667
3.29071815655048,0.00333333333333333
3.29071815655048,0.005
3.29071815655048,0.00666666666666667
3.29071815655048,0.00833333333333333
3.29071815655048,0.01
3.29071815655048,0.0116666666666667
3.29071815655048,0.0133333333333333
3.29071815655048,0.015
3.29071815655048,0.0166666666666667
3.29071815655048,0.0183333333333333
3.29071815655048,0.02
0.152063379312118,0.0216666666666667
0.0528699175391144,0.0233333333333333
0.0322872452105411,0.025
0.0233952773612602,0.0266666666666667
0.0184417366797397,0.0283333333333333
0.015287781150588,0.03
0.0131059194277278,0.0316666666666667
0.0115085758113209,0.0333333333333333
0.0102900475842221,0.035
0.00933102448175509,0.0366666666666667
0.00855754358695909,0.0383333333333333
0.00792131430199833,0.04
0.00738946916959764,0.0416666666666667
0.00693886177170698,0.0433333333333333
0.00655272020519971,0.045
0.00621859397625136,0.0466666666666667
0.00592704639020917,0.0483333333333333
0.00567079464864232,0.05
0.00544412847113801,0.0516666666666667
0.00524250738195571,0.0533333333333333
0.00506227572562879,0.055
0.0049004571240556,0.0566666666666667
0.00475460368638264,0.0583333333333333
0.00462268367903903,0.06
0.00450299667810253,0.0616666666666667
0.00439410866694892,0.0633333333333333
0.00429480181540559,0.065
0.00420403520657134,0.0666666666666667
0.00412091382467431,0.0683333333333333
0.00404466384532249,0.07
0.00397461278283924,0.0716666666666667
0.00391017341615776,0.0733333333333333
0.00385083068003537,0.075
0.00379613090241538,0.0766666666666667
0.00374567291224,0.0783333333333333
0.00369910064914486,0.08
0.00365609698719409,0.0816666666666667
0.00361637854618236,0.0833333333333333
0.00357969131105962,0.085
0.0035458069163559,0.0866666666666667
0.00351451948073732,0.0883333333333333
0.00348564289895553,0.09
0.00345900851589908,0.0916666666666667
0.00343446312129442,0.0933333333333333
0.00341186721464595,0.095
0.00339109349886306,0.0966666666666667
0.00337202556816724,0.0983333333333333
0.00335455676166445,0.1
0.00333858915868515,0.101666666666667
0.00332403269585511,0.103333333333333
0.00331080438903265,0.105
0.00329882764586636,0.106666666666667
0.00328803165689732,0.108333333333333
0.00327835085493461,0.11
0.00326972443393996,0.111666666666667
0.00326209591992037,0.113333333333333
0.00325541278738874,0.115
0.00324962611584856,0.116666666666667
0.0032446902815163,0.118333333333333
0.00324056268013854,0.12
0.00323720347730836,0.121666666666667
0.00323457538315301,0.123333333333333
0.00323264344866532,0.125
0.00323137488129444,0.126666666666667
0.00323073887770732,0.128333333333333
0.00323070647188727,0.13
0.00323125039695652,0.131666666666667
0.00323234495930051,0.133333333333333
0.00323396592373794,0.135
0.00323609040862508,0.136666666666667
0.00323869678990862,0.138333333333333
0.00324176461325192,0.14
0.00324527451345576,0.141666666666667
0.00324920814047958,0.143333333333333
0.00325354809144355,0.145
0.00325827784805738,0.146666666666667
0.00326338171897996,0.148333333333333
0.00326884478666452,0.15
0.00327465285829003,0.151666666666667
0.00328079242041894,0.153333333333333
0.00328725059705775,0.155
0.00329401511082811,0.156666666666667
0.00330107424698476,0.158333333333333
0.00330841682004167,0.16
0.00331603214279037,0.161666666666667
0.00332390999751458,0.163333333333333
0.00333204060922333,0.165
0.00334041462074102,0.166666666666667
0.00334902306950745,0.168333333333333
0.00335785736595372,0.17
0.00336690927333206,0.171666666666667
0.00337617088888808,0.173333333333333
0.00338563462627346,0.175
0.00339529319910595,0.176666666666667
0.00340513960559139,0.178333333333333
0.00341516711412935,0.18
0.00342536924983083,0.181666666666667
0.00343573978188185,0.183333333333333
0.00344627271169258,0.185
0.00345696226177603,0.186666666666667
0.00346780286530508,0.188333333333333
0.00347878915630047,0.19
0.00348991596040609,0.191666666666667
0.00350117828621125,0.193333333333333
0.00351257131708272,0.195
0.00352409040347194,0.196666666666667
0.00353573105566576,0.198333333333333
0.00354748893695095,0.2
0.0035593598571652,0.201666666666667
0.00357133976660924,0.203333333333333
0.00358342475029649,0.205
0.00359561102251828,0.206666666666667
0.00360789492170443,0.208333333333333
0.00362027290556016,0.21
0.00363274154646173,0.211666666666667
0.00364529752709446,0.213333333333333
0.00365793763631783,0.215
0.00367065876524336,0.216666666666667
0.00368345790351205,0.218333333333333
0.00369633213575899,0.22
0.00370927863825353,0.221666666666667
0.00372229467570415,0.223333333333333
0.00373537759821801,0.225
0.00374852483840576,0.226666666666667
0.00376173390862262,0.228333333333333
0.0037750023983376,0.23
0.00378832797162313,0.231666666666667
0.00380170836475774,0.233333333333333
0.00381514138393512,0.235
0.0038286249030732,0.236666666666667
0.00384215686171721,0.238333333333333
0.00385573526303123,0.24
0.00386935817187304,0.241666666666667
0.00388302371294716,0.243333333333333
0.00389673006903183,0.245
0.00391047547927527,0.246666666666667
0.00392425823755743,0.248333333333333
0.00393807669091337,0.25
0.00395192923801466,0.251666666666667
0.00396581432770559,0.253333333333333
0.00397973045759094,0.255
0.00399367617267255,0.256666666666667
0.00400765006403178,0.258333333333333
0.00402165076755539,0.26
0.00403567696270247,0.261666666666667
0.00404972737131,0.263333333333333
0.00406380075643519,0.265
0.00407789592123232,0.266666666666667
0.00409201170786252,0.268333333333333
0.00410614699643457,0.27
0.00412030070397511,0.271666666666667
0.00413447178342693,0.273333333333333
0.00414865922267364,0.275
0.00416286204358967,0.276666666666667
0.00417707930111418,0.278333333333333
0.00419131008234779,0.28
0.00420555350567116,0.281666666666667
0.00421980871988416,0.283333333333333
0.004234074903365,0.285
0.00424835126324822,0.286666666666667
0.00426263703462088,0.288333333333333
0.00427693147973605,0.29
0.00429123388724307,0.291666666666667
0.00430554357143377,0.293333333333333
0.0043198598715042,0.295
0.00433418215083113,0.296666666666667
0.00434850979626295,0.298333333333333
0.00436284221742445,0.3
0.00437717884603495,0.301666666666667
0.00439151913523948,0.303333333333333
0.00440586255895254,0.305
0.00442020861121417,0.306666666666667
0.00443455680555786,0.308333333333333
0.00444890667439016,0.31
0.00446325776838162,0.311666666666667
0.00447760965586875,0.313333333333333
0.00449196192226688,0.315
0.00450631416949362,0.316666666666667
0.00452066601540269,0.318333333333333
0.00453501709322799,0.32
0.00454936705103771,0.321666666666667
0.00456371555119828,0.323333333333333
0.00457806226984806,0.325
0.00459240689638056,0.326666666666667
0.00460674913293711,0.328333333333333
0.0046210886939089,0.33
0.00463542530544806,0.331666666666667
0.00464975870498798,0.333333333333333
0.00466408864077245,0.335
0.00467841487139382,0.336666666666667
0.00469273716533978,0.338333333333333
0.00470705530054896,0.34
0.00472136906397503,0.341666666666667
0.00473567825115935,0.343333333333333
0.00474998266581204,0.345
0.00476428211940141,0.346666666666667
0.00477857643075166,0.348333333333333
0.00479286542564873,0.35
0.00480714893645434,0.351666666666667
0.00482142680172805,0.353333333333333
0.00483569886585724,0.355
0.00484996497869505,0.356666666666667
0.00486422499520615,0.358333333333333
0.00487847877512016,0.36
0.00489272618259292,0.361666666666667
0.00490696708587516,0.363333333333333
0.00492120135698887,0.365
0.00493542887141103,0.366666666666667
0.00494964950776471,0.368333333333333
0.00496386314751756,0.37
0.0049780696746874,0.371666666666667
0.00499226897555505,0.373333333333333
0.00500646093838418,0.375
0.00502064545314817,0.376666666666667
0.00503482241126384,0.378333333333333
0.00504899170533204,0.38
0.00506315322888495,0.381666666666667
0.0050773068761401,0.383333333333333
0.00509145254176083,0.385
0.0051055901206234,0.386666666666667
0.00511971950759039,0.388333333333333
0.00513384059729047,0.39
0.00514795328390438,0.391666666666667
0.00516205746095703,0.393333333333333
0.00517615302111571,0.395
0.00519023985599426,0.396666666666667
0.00520431785596303,0.398333333333333
0.00521838690996476,0.4
0.00523244690533607,0.401666666666667
0.00524649772763461,0.403333333333333
0.00526053926047168,0.405
0.00527457138535037,0.406666666666667
0.00528859398150896,0.408333333333333
0.00530260692576963,0.41
0.00531661009239232,0.411666666666667
0.00533060335293368,0.413333333333333
0.00534458657611102,0.415
0.00535855962767116,0.416666666666667
0.00537252237026406,0.418333333333333
0.0053864746633213,0.42
0.00540041636293907,0.421666666666667
0.00541434732176587,0.423333333333333
0.00542826738889451,0.425
0.00544217640975875,0.426666666666667
0.00545607422603403,0.428333333333333
0.00546996067554258,0.43
0.00548383559216264,0.431666666666667
0.00549769880574178,0.433333333333333
0.0055115501420142,0.435
0.00552538942252198,0.436666666666667
0.00553921646454014,0.438333333333333
0.00555303108100558,0.44
0.0055668330804496,0.441666666666667
0.00558062226693413,0.443333333333333
0.00559439843999153,0.445
0.00560816139456782,0.446666666666667
0.00562191092096946,0.448333333333333
0.00563564680481336,0.45
0.00564936882698028,0.451666666666667
0.00566307676357144,0.453333333333333
0.00567677038586831,0.455
0.00569044946029552,0.456666666666667
0.00570411374838681,0.458333333333333
0.005717763006754,0.46
0.00573139698705893,0.461666666666667
0.00574501543598822,0.463333333333333
0.00575861809523096,0.465
0.0057722047014591,0.466666666666667
0.00578577498631066,0.468333333333333
0.00579932867637559,0.47
0.00581286549318427,0.471666666666667
0.0058263851531986,0.473333333333333
0.00583988736780573,0.475
0.00585337184331418,0.476666666666667
0.0058668382809525,0.478333333333333
0.0058802863768704,0.48
0.00589371582214218,0.481666666666667
0.00590712630277258,0.483333333333333
0.00592051749970499,0.485
0.0059338890888318,0.486666666666667
0.00594724074100723,0.488333333333333
0.00596057212206214,0.49
0.00597388289282122,0.491666666666667
0.00598717270912225,0.493333333333333
0.00600044122183754,0.495
0.00601368807689741,0.496666666666667
0.00602691291531584,0.498333333333333
0.00604011537321812,0.5
0.00605329508187053,0.501666666666667
0.00606645166771206,0.503333333333333
0.0060795847523881,0.505
0.00609269395278611,0.506666666666667
0.00610577888107318,0.508333333333333
0.00611883914473561,0.51
0.00613187434662032,0.511666666666667
0.00614488408497818,0.513333333333333
0.0061578679535092,0.515
0.00617082554140962,0.516666666666667
0.00618375643342076,0.518333333333333
0.00619666020987976,0.52
0.00620953644677211,0.521666666666667
0.00622238471578597,0.523333333333333
0.00623520458436831,0.525
0.00624799561578273,0.526666666666667
0.00626075736916916,0.528333333333333
0.00627348939960517,0.53
0.00628619125816916,0.531666666666667
0.00629886249200514,0.533333333333333
0.00631150264438929,0.535
0.00632411125479823,0.536666666666667
0.0063366878589789,0.538333333333333
0.00634923198902022,0.54
0.00636174317342631,0.541666666666667
0.00637422093719151,0.543333333333333
0.00638666480187685,0.545
0.00639907428568836,0.546666666666667
0.00641144890355685,0.548333333333333
0.00642378816721939,0.55
0.00643609158530234,0.551666666666667
0.00644835866340605,0.553333333333333
0.00646058890419104,0.555
0.00647278180746584,0.556666666666667
0.00648493687027634,0.558333333333333
0.00649705358699671,0.56
0.00650913144942185,0.561666666666667
0.00652116994686135,0.563333333333333
0.006533168566235,0.565
0.00654512679216975,0.566666666666667
0.00655704410709821,0.568333333333333
0.00656891999135854,0.57
0.00658075392329594,0.571666666666667
0.00659254537936538,0.573333333333333
0.00660429383423597,0.575
0.00661599876089657,0.576666666666667
0.00662765963076291,0.578333333333333
0.00663927591378601,0.58
0.00665084707856202,0.581666666666667
0.00666237259244336,0.583333333333333
0.00667385192165118,0.585
0.0066852845313892,0.586666666666667
0.00669666988595867,0.588333333333333
0.00670800744887481,0.59
0.00671929668298425,0.591666666666667
0.0067305370505839,0.593333333333333
0.00674172801354087,0.595
0.0067528690334136,0.596666666666667
0.00676395957157416,0.598333333333333
0.00677499908933163,0.6
0.00678598704805656,0.601666666666667
0.00679692290930654,0.603333333333333
0.00680780613495276,0.605
0.00681863618730758,0.606666666666667
0.00682941252925307,0.608333333333333
0.0068401346243705,0.61
0.00685080193707074,0.611666666666667
0.00686141393272551,0.613333333333333
0.00687197007779949,0.615
0.00688246983998322,0.616666666666667
0.0068929126883268,0.618333333333333
0.00690329809337426,0.62
0.00691362552729869,0.621666666666667
0.00692389446403797,0.623333333333333
0.00693410437943114,0.625
0.00694425475135534,0.626666666666667
0.00695434505986329,0.628333333333333
0.00696437478732121,0.63
0.00697434341854726,0.631666666666667
0.00698425044095031,0.633333333333333
0.0069940953446691,0.635
0.00700387762271171,0.636666666666667
0.00701359677109527,0.638333333333333
0.00702325228898588,0.64
0.00703284367883875,0.641666666666667
0.00704237044653836,0.643333333333333
0.00705183210153879,0.645
0.00706122815700393,0.646666666666667
0.00707055812994781,0.648333333333333
0.00707982154137469,0.65
0.00708901791641912,0.651666666666667
0.00709814678448571,0.653333333333333
0.0071072076793887,0.655
0.00711620013949119,0.656666666666667
0.00712512370784407,0.658333333333333
0.00713397793232438,0.66
0.00714276236577341,0.661666666666667
0.00715147656613402,0.663333333333333
0.00716012009658756,0.665
0.00716869252569005,0.666666666666667
0.00717719342750763,0.668333333333333
0.00718562238175129,0.67
0.00719397897391075,0.671666666666667
0.00720226279538742,0.673333333333333
0.00721047344362648,0.675
0.00721861052224785,0.676666666666667
0.00722667364117617,0.678333333333333
0.00723466241676963,0.68
0.00724257647194756,0.681666666666667
0.00725041543631685,0.683333333333333
0.00725817894629695,0.685
0.00726586664524363,0.686666666666667
0.00727347818357115,0.688333333333333
0.00728101321887306,0.69
0.00728847141604141,0.691666666666667
0.00729585244738426,0.693333333333333
0.00730315599274169,0.695
0.00731038173959987,0.696666666666667
0.00731752938320351,0.698333333333333
0.00732459862666634,0.7
0.00733158918107976,0.701666666666667
0.00733850076561946,0.703333333333333
0.00734533310765005,0.705
0.00735208594282762,0.706666666666667
0.00735875901520012,0.708333333333333
0.00736535207730558,0.71
0.00737186489026808,0.711666666666667
0.00737829722389144,0.713333333333333
0.0073846488567505,0.715
0.00739091957628006,0.716666666666667
0.00739710917886132,0.718333333333333
0.00740321746990586,0.72
0.00740924426393704,0.721666666666667
0.00741518938466878,0.723333333333333
0.00742105266508177,0.725
0.00742683394749689,0.726666666666667
0.00743253308364599,0.728333333333333
0.0074381499347398,0.73
0.00744368437153311,0.731666666666667
0.00744913627438704,0.733333333333333
0.00745450553332841,0.735
0.00745979204810622,0.736666666666667
0.0074649957282451,0.738333333333333
0.0074701164930958,0.74
0.00747515427188263,0.741666666666667
0.00748010900374785,0.743333333333333
0.0074849806377929,0.745
0.0074897691331166,0.746666666666667
0.00749447445885013,0.748333333333333
0.00749909659418885,0.75
0.00750363552842094,0.751666666666667
0.00750809126095279,0.753333333333333
0.00751246380133121,0.755
0.00751675316926228,0.756666666666667
0.00752095939462708,0.758333333333333
0.00752508251749397,0.76
0.0075291225881277,0.761666666666667
0.00753307966699516,0.763333333333333
0.00753695382476784,0.765
0.00754074514232089,0.766666666666667
0.00754445371072902,0.768333333333333
0.00754807963125887,0.77
0.00755162301535822,0.771666666666667
0.00755508398464179,0.773333333333333
0.00755846267087374,0.775
0.00756175921594684,0.776666666666667
0.00756497377185835,0.778333333333333
0.00756810650068256,0.78
0.00757115757454014,0.781666666666667
0.00757412717556405,0.783333333333333
0.00757701549586237,0.785
0.00757982273747773,0.786666666666667
0.00758254911234363,0.788333333333333
0.00758519484223749,0.79
0.00758776015873054,0.791666666666667
0.00759024530313453,0.793333333333333
0.00759265052644537,0.795
0.00759497608928358,0.796666666666667
0.00759722226183176,0.798333333333333
0.0075993893237689,0.8
0.00760147756420181,0.801666666666667
0.00760348728159352,0.803333333333333
0.00760541878368867,0.805
0.00760727238743617,0.806666666666667
0.00760904841890882,0.808333333333333
0.00761074721322025,0.81
0.00761236911443901,0.811666666666667
0.00761391447549996,0.813333333333333
0.00761538365811296,0.815
0.00761677703266898,0.816666666666667
0.00761809497814351,0.818333333333333
0.00761933788199758,0.82
0.00762050614007617,0.821666666666667
0.00762160015650424,0.823333333333333
0.00762262034358041,0.825
0.00762356712166828,0.826666666666667
0.00762444091908549,0.828333333333333
0.00762524217199055,0.83
0.00762597132426762,0.831666666666667
0.00762662882740905,0.833333333333333
0.007627215140396,0.835
0.0076277307295771,0.836666666666667
0.00762817606854509,0.838333333333333
0.00762855163801176,0.84
0.00762885792568099,0.841666666666667
0.00762909542612019,0.843333333333333
0.00762926464062997,0.845
0.00762936607711234,0.846666666666667
0.00762940024993732,0.848333333333333
0.00762936767980811,0.85
0.0076292688936249,0.851666666666667
0.00762910442434736,0.853333333333333
0.00762887481085585,0.855
0.0076285805978115,0.856666666666667
0.00762822233551514,0.858333333333333
0.00762780057976519,0.86
0.00762731589171461,0.861666666666667
0.0076267688377269,0.863333333333333
0.00762615998923126,0.865
0.00762548992257707,0.866666666666667
0.00762475921888752,0.868333333333333
0.00762396846391275,0.87
0.00762311824788233,0.871666666666667
0.00762220916535733,0.873333333333333
0.00762124181508183,0.875
0.00762021679983424,0.876666666666667
0.00761913472627817,0.878333333333333
0.00761799620481318,0.88
0.0076168018494253,0.881666666666667
0.00761555227753751,0.883333333333333
0.00761424810986013,0.885
0.00761288997024128,0.886666666666667
0.00761147848551747,0.888333333333333
0.00761001428536425,0.89
0.00760849800214716,0.891666666666667
0.00760693027077297,0.893333333333333
0.00760531172854121,0.895
0.00760364301499617,0.896666666666667
0.00760192477177927,0.898333333333333
0.00760015764248205,0.9
0.0075983422724997,0.901666666666667
0.0075964793088852,0.903333333333333
0.00759456940020417,0.905
0.0075926131963905,0.906666666666667
0.00759061134860269,0.908333333333333
0.00758856450908117,0.91
0.00758647333100635,0.911666666666667
0.00758433846835782,0.913333333333333
0.00758216057577435,0.915
0.00757994030841512,0.916666666666667
0.00757767832182188,0.918333333333333
0.00757537527178241,0.92
0.007573031814195,0.921666666666667
0.00757064860493432,0.923333333333333
0.00756822629971842,0.925
0.00756576555397712,0.926666666666667
0.00756326702272174,0.928333333333333
0.00756073136041616,0.93
0.00755815922084942,0.931666666666667
0.00755555125700963,0.933333333333333
0.0075529081209595,0.935
0.00755023046371332,0.936666666666667
0.00754751893511555,0.938333333333333
0.00754477418372093,0.94
0.00754199685667631,0.941666666666667
0.007539187599604,0.943333333333333
0.00753634705648689,0.945
0.00753347586955524,0.946666666666667
0.00753057467917517,0.948333333333333
0.00752764412373891,0.95
0.00752468483955681,0.951666666666667
0.00752169746075117,0.953333333333333
0.00751868261915178,0.955
0.0075156409441934,0.956666666666667
0.00751257306281502,0.958333333333333
0.00750947959936093,0.96
0.00750636117548377,0.961666666666667
0.00750321841004933,0.963333333333333
0.00750005191904337,0.965
0.00749686231548022,0.966666666666667
0.0074936502093134,0.968333333333333
0.00749041620734809,0.97
0.00748716091315554,0.971666666666667
0.00748388492698943,0.973333333333333
0.00748058884570418,0.975
0.00747727326267514,0.976666666666667
0.00747393876772079,0.978333333333333
0.00747058594702687,0.98
0.00746721538307242,0.981666666666667
0.00746382765455781,0.983333333333333
0.00746042333633467,0.985
0.00745700299933785,0.986666666666667
0.00745356721051918,0.988333333333333
0.0074501165327833,0.99
0.00744665152492534,0.991666666666667
0.00744317274157054,0.993333333333333
0.00743968073311581,0.995
0.00743617604567316,0.996666666666667
0.00743265922101504,0.998333333333333
0.00742913079652165,1
0.00742559130512995,1.00166666666667
0.00742204127528477,1.00333333333333
0.00741848123089156,1.005
0.00741491169127116,1.00666666666667
0.00741133317111629,1.00833333333333
0.0074077461804499,1.01
0.00740415122458534,1.01166666666667
0.00740054880408832,1.01333333333333
0.00739693941474055,1.015
0.00739332354750534,1.01666666666667
0.00738970168849471,1.01833333333333
0.00738607431893839,1.02
0.00738244191515448,1.02166666666667
0.00737880494852174,1.02333333333333
0.00737516388545367,1.025
0.00737151918737413,1.02666666666667
0.00736787131069464,1.02833333333333
0.00736422070679331,1.03
0.00736056782199533,1.03166666666667
0.00735691309755504,1.03333333333333
0.00735325696963957,1.035
0.00734959986931396,1.03666666666667
0.00734594222252789,1.03833333333333
0.00734228445010374,1.04
0.00733862696772629,1.04166666666667
0.00733497018593373,1.04333333333333
0.00733131451011015,1.045
0.0073276603404794,1.04666666666667
0.00732400807210036,1.04833333333333
0.00732035809486356,1.05
0.00731671079348904,1.05166666666667
0.00731306654752566,1.05333333333333
0.00730942573135157,1.055
0.00730578871417601,1.05666666666667
0.00730215586004232,1.05833333333333
0.00729852752783215,1.06
0.00729490407127087,1.06166666666667
0.00729128583893415,1.06333333333333
0.00728767317425569,1.065
0.00728406641553602,1.06666666666667
0.00728046589595247,1.06833333333333
0.00727687194357011,1.07
0.00727328488135385,1.07166666666667
0.00726970502718145,1.07333333333333
0.00726613269385763,1.075
0.00726256818912907,1.07666666666667
0.00725901181570044,1.07833333333333
0.00725546387125129,1.08
0.00725192464845388,1.08166666666667
0.00724839443499191,1.08333333333333
0.00724487351358008,1.085
0.00724136216198449,1.08666666666667
0.00723786065304389,1.08833333333333
0.00723436925469166,1.09
0.00723088822997862,1.09166666666667
0.00722741783709657,1.09333333333333
0.00722395832940253,1.095
0.00722050995544374,1.09666666666667
0.00721707295898328,1.09833333333333
0.0072136475790264,1.1
0.00721023404984745,1.10166666666667
0.0072068326010175,1.10333333333333
0.00720344345743248,1.105
0.00720006683934192,1.10666666666667
0.00719670296237832,1.10833333333333
0.00719335203758693,1.11
0.00719001427145617,1.11166666666667
0.00718668986594849,1.11333333333333
0.00718337901853169,1.115
0.0071800819222108,1.11666666666667
0.00717679876556027,1.11833333333333
0.00717352973275668,1.12
0.00717027500361184,1.12166666666667
0.00716703475360624,1.12333333333333
0.00716380915392291,1.125
0.00716059837148162,1.12666666666667
0.00715740256897343,1.12833333333333
0.00715422190489552,1.13
0.00715105653358637,1.13166666666667
0.00714790660526122,1.13333333333333
0.00714477226604775,1.135
0.00714165365802209,1.13666666666667
0.00713855091924502,1.13833333333333
0.0071354641837984,1.14
0.00713239358182182,1.14166666666667
0.00712933923954947,1.14333333333333
0.00712630127934713,1.145
0.00712327981974937,1.14666666666667
0.0071202749754969,1.14833333333333
0.00711728685757407,1.15
0.00711431557324642,1.15166666666667
0.0071113612260985,1.15333333333333
0.00710842391607158,1.155
0.00710550373950166,1.15666666666667
0.00710260078915741,1.15833333333333
0.00709971515427822,1.16
0.00709684692061234,1.16166666666667
0.00709399617045497,1.16333333333333
0.00709116298268652,1.165
0.00708834743281072,1.16666666666667
0.00708554959299289,1.16833333333333
0.00708276953209812,1.17
0.00708000731572945,1.17166666666667
0.00707726300626608,1.17333333333333
0.00707453666290148,1.175
0.00707182834168153,1.17666666666667
0.00706913809554251,1.17833333333333
0.00706646597434919,1.18
0.00706381202493266,1.18166666666667
0.00706117629112826,1.18333333333333
0.00705855881381334,1.185
0.00705595963094491,1.18666666666667
0.00705337877759728,1.18833333333333
0.00705081628599948,1.19
0.00704827218557269,1.19166666666667
0.00704574650296745,1.19333333333333
0.00704323926210079,1.195
0.00704075048419323,1.19666666666667
0.00703828018780563,1.19833333333333
0.00703582838887589,1.2
0.00703339510075551,1.20166666666667
0.007030980334246,1.20333333333333
0.00702858409763512,1.205
0.00702620639673291,1.20666666666667
0.00702384723490765,1.20833333333333
0.00702150661312154,1.21
0.00701918452996625,1.21166666666667
0.00701688098169827,1.21333333333333
0.0070145959622741,1.215
0.00701232946338516,1.21666666666667
0.00701008147449261,1.21833333333333
0.00700785198286189,1.22
0.00700564097359709,1.22166666666667
0.00700344842967509,1.22333333333333
0.00700127433197949,1.225
0.00699911865933434,1.22666666666667
0.00699698138853763,1.22833333333333
0.00699486249439456,1.23
0.00699276194975061,1.23166666666667
0.00699067972552433,1.23333333333333
0.00698861579073997,1.235
0.00698657011255979,1.23666666666667
0.00698454265631622,1.23833333333333
0.00698253338554374,1.24
0.0069805422620105,1.24166666666667
0.00697856924574976,1.24333333333333
0.00697661429509102,1.245
0.00697467736669096,1.24666666666667
0.00697275841556409,1.24833333333333
0.0069708573951132,1.25
0.00696897425715951,1.25166666666667
0.00696710895197262,1.25333333333333
0.00696526142830015,1.255
0.0069634316333972,1.25666666666667
0.00696161951305551,1.25833333333333
0.00695982501163234,1.26
0.00695804807207921,1.26166666666667
0.00695628863597022,1.26333333333333
0.00695454664353026,1.265
0.00695282203366291,1.26666666666667
0.00695111474397804,1.26833333333333
0.00694942471081923,1.27
0.0069477518692909,1.27166666666667
0.00694609615328517,1.27333333333333
0.00694445749550846,1.275
0.0069428358275079,1.27666666666667
0.0069412310796974,1.27833333333333
0.00693964318138349,1.28
0.00693807206079095,1.28166666666667
0.00693651764508811,1.28333333333333
0.00693497986041197,1.285
0.00693345863189299,1.28666666666667
0.00693195388367971,1.28833333333333
0.006930465538963,1.29
0.00692899352000023,1.29166666666667
0.00692753774813899,1.29333333333333
0.00692609814384071,1.295
0.00692467462670398,1.29666666666667
0.00692326711548756,1.29833333333333
0.00692187552813325,1.3
0.00692049978178844,1.30166666666667
0.00691913979282845,1.30333333333333
0.00691779547687854,1.305
0.00691646674883582,1.30666666666667
0.00691515352289078,1.30833333333333
0.00691385571254867,1.31
0.00691257323065057,1.31166666666667
0.00691130598939426,1.31333333333333
0.00691005390035484,1.315
0.00690881687450512,1.31666666666667
0.00690759482223574,1.31833333333333
0.00690638765337512,1.32
0.00690519527720908,1.32166666666667
0.00690401760250034,1.32333333333333
0.00690285453750765,1.325
0.00690170599000487,1.32666666666667
0.0069005718672996,1.32833333333333
0.00689945207625182,1.33
0.00689834652329208,1.33166666666667
0.00689725511443962,1.33333333333333
0.00689617775532023,1.335
0.00689511435118382,1.33666666666667
0.00689406480692186,1.33833333333333
0.00689302902708454,1.34
0.00689200691589778,1.34166666666667
0.00689099837727988,1.34333333333333
0.00689000331485817,1.345
0.00688902163198524,1.34666666666667
0.00688805323175509,1.34833333333333
0.00688709801701899,1.35
0.00688615589040123,1.35166666666667
0.00688522675431452,1.35333333333333
0.00688431051097534,1.355
0.00688340706241894,1.35666666666667
0.00688251631051426,1.35833333333333
0.00688163815697858,1.36
0.00688077250339196,1.36166666666667
0.00687991925121153,1.36333333333333
0.00687907830178558,1.365
0.00687824955636739,1.36666666666667
0.00687743291612895,1.36833333333333
0.00687662828217441,1.37
0.00687583555555344,1.37166666666667
0.00687505463727428,1.37333333333333
0.00687428542831668,1.375
0.00687352782964467,1.37666666666667
0.00687278174221906,1.37833333333333
0.00687204706700984,1.38
0.00687132370500838,1.38166666666667
0.00687061155723941,1.38333333333333
0.00686991052477286,1.385
0.00686922050873552,1.38666666666667
0.0068685414103225,1.38833333333333
0.00686787313080856,1.39
0.00686721557155924,1.39166666666667
0.00686656863404177,1.39333333333333
0.00686593221983595,1.395
0.00686530623064469,1.39666666666667
0.00686469056830451,1.39833333333333
0.00686408513479583,1.4
0.00686348983225308,1.40166666666667
0.0068629045629747,1.40333333333333
0.0068623292294329,1.405
0.00686176373428334,1.40666666666667
0.00686120798037462,1.40833333333333
0.00686066187075758,1.41
0.00686012530869452,1.41166666666667
0.00685959819766818,1.41333333333333
0.00685908044139065,1.415
0.00685857194381207,1.41666666666667
0.00685807260912919,1.41833333333333
0.00685758234179382,1.42
0.00685710104652109,1.42166666666667
0.00685662862829756,1.42333333333333
0.00685616499238926,1.425
0.00685571004434946,1.42666666666667
0.00685526369002644,1.42833333333333
0.00685482583557101,1.43
0.00685439638744394,1.43166666666667
0.00685397525242325,1.43333333333333
0.00685356233761134,1.435
0.00685315755044202,1.43666666666667
0.0068527607986874,1.43833333333333
0.00685237199046461,1.44
0.00685199103424239,1.44166666666667
0.00685161783884765,1.44333333333333
0.00685125231347176,1.445
0.00685089436767679,1.44666666666667
0.00685054391140162,1.44833333333333
0.00685020085496791,1.45
0.00684986510908594,1.45166666666667
0.00684953658486036,1.45333333333333
0.00684921519379576,1.455
0.00684890084780219,1.45666666666667
0.00684859345920048,1.45833333333333
0.00684829294072753,1.46
0.0068479992055414,1.46166666666667
0.00684771216722636,1.46333333333333
0.00684743173979774,1.465
0.00684715783770674,1.46666666666667
0.00684689037584508,1.46833333333333
0.00684662926954957,1.47
0.00684637443460656,1.47166666666667
0.00684612578725625,1.47333333333333
0.00684588324419693,1.475
0.0068456467225891,1.47666666666667
0.00684541614005945,1.47833333333333
0.00684519141470483,1.48
0.00684497246509597,1.48166666666667
0.00684475921028123,1.48333333333333
0.00684455156979017,1.485
0.00684434946363706,1.48666666666667
0.00684415281232422,1.48833333333333
0.00684396153684538,1.49
0.0068437755586888,1.49166666666667
0.00684359479984042,1.49333333333333
0.00684341918278683,1.495
0.00684324863051814,1.49666666666667
0.00684308306653083,1.49833333333333
0.00684292241483045,1.5
0.0068427665999342,1.50166666666667
0.00684261554687351,1.50333333333333
0.0068424691811964,1.505
0.00684232742896989,1.50666666666667
0.00684219021678221,1.50833333333333
0.00684205747174498,1.51
0.00684192912149525,1.51166666666667
0.00684180509419753,1.51333333333333
0.00684168531854568,1.515
0.0068415697237647,1.51666666666667
0.00684145823961248,1.51833333333333
0.00684135079638144,1.52
0.0068412473249001,1.52166666666667
0.00684114775653455,1.52333333333333
0.00684105202318987,1.525
0.00684096005731141,1.52666666666667
0.00684087179188607,1.52833333333333
0.00684078716044344,1.53
0.00684070609705691,1.53166666666667
0.00684062853634462,1.53333333333333
0.00684055441347045,1.535
0.00684048366414484,1.53666666666667
0.00684041622462557,1.53833333333333
0.00684035203171849,1.54
0.00684029102277812,1.54166666666667
0.00684023313570822,1.54333333333333
0.0068401783089623,1.545
0.006840126481544,1.54666666666667
0.00684007759300747,1.54833333333333
0.00684003158345763,1.55
0.00683998839355039,1.55166666666667
0.00683994796449276,1.55333333333333
0.00683991023804297,1.555
0.00683987515651046,1.55666666666667
0.0068398426627558,1.55833333333333
0.00683981270019061,1.56
0.00683978521277733,1.56166666666667
0.00683976014502901,1.56333333333333
0.00683973744200895,1.565
0.00683971704933038,1.56666666666667
0.00683969891315599,1.56833333333333
0.00683968298019745,1.57
0.00683966919771482,1.57166666666667
0.006839657513516,1.57333333333333
0.00683964787595599,1.575
0.00683964023393622,1.57666666666667
0.0068396345369037,1.57833333333333
0.00683963073485022,1.58
0.00683962877831145,1.58166666666667
0.00683962861836597,1.58333333333333
0.00683963020663427,1.585
0.00683963349527769,1.58666666666667
0.00683963843699729,1.58833333333333
0.00683964498503273,1.59
0.00683965309316098,1.59166666666667
0.00683966271569513,1.59333333333333
0.00683967380748303,1.595
0.00683968632390591,1.59666666666667
0.00683970022087701,1.59833333333333
0.00683971545484007,1.6
0.00683973198276787,1.60166666666667
0.00683974976216063,1.60333333333333
0.0068397687510444,1.605
0.00683978890796947,1.60666666666667
0.00683981019200862,1.60833333333333
0.00683983256275542,1.61
0.00683985598032243,1.61166666666667
0.00683988040533937,1.61333333333333
0.00683990579895128,1.615
0.00683993212281661,1.61666666666667
0.00683995933910527,1.61833333333333
0.00683998741049662,1.62
0.00684001630017749,1.62166666666667
0.00684004597184008,1.62333333333333
0.00684007638967987,1.625
0.0068401075183935,1.62666666666667
0.00684013932317654,1.62833333333333
0.00684017176972134,1.63
0.00684020482421475,1.63166666666667
0.00684023845333584,1.63333333333333
0.00684027262425359,1.635
0.00684030730462452,1.63666666666667
0.00684034246259033,1.63833333333333
0.00684037806677548,1.64
0.00684041408628474,1.64166666666667
0.00684045049070069,1.64333333333333
0.00684048725008125,1.645
0.00684052433495711,1.64666666666667
0.00684056171632919,1.64833333333333
0.00684059936566598,1.65
0.00684063725490102,1.65166666666667
0.00684067535643014,1.65333333333333
0.00684071364310885,1.655
0.00684075208824961,1.65666666666667
0.00684079066561909,1.65833333333333
0.00684082934943544,1.66
0.00684086811436547,1.66166666666667
0.0068409069355219,1.66333333333333
0.00684094578846047,1.665
